timestamp,baseline,quiet,quiet_retention,baseline_raw,quiet_raw,retained_raw,retention_floor,thermal
2026-10-09T00:13:38.3662850+00:00,15,15,15,14.739130434782608,14.739130434782608,14.739130434782608,,False
2026-10-09T00:13:40.2712019+00:00,15,15,15,14.739130434782608,14.739130434782608,15,15,False
2026-10-09T00:13:41.6690362+00:00,15,15,15,14.739130434782608,14.739130434782608,15,15,False
2026-10-09T00:13:43.0509336+00:00,15,15,15,14.739130434782608,14.739130434782608,15,15,False
2026-10-09T00:13:44.4632196+00:00,15,15,15,14.739130434782608,14.739130434782608,15,15,False
2026-10-09T00:13:45.8444966+00:00,15,15,15,14.739130434782608,14.739130434782608,15,15,False
2026-10-09T00:13:47.2319834+00:00,15,15,15,15.913043478260871,15.913043478260871,15.913043478260871,,False
2026-10-09T00:13:48.6236335+00:00,15,15,15,15.913043478260871,15.913043478260871,15.913043478260871,,False
2026-10-09T00:13:50.0162318+00:00,15,15,15,15.913043478260871,15.913043478260871,15.913043478260871,,False
2026-10-09T00:13:51.4080705+00:00,15,15,15,15.913043478260871,15.913043478260871,15.913043478260871,,False
2026-10-09T00:13:52.7979831+00:00,15,15,15,15.913043478260871,15.913043478260871,15.913043478260871,,False
2026-10-09T00:13:54.1980151+00:00,15,15,15,15.913043478260871,15.913043478260871,15.913043478260871,,False
2026-10-09T00:13:55.5932981+00:00,15,15,15,15.913043478260871,15.913043478260871,15.913043478260871,,False
2026-10-09T00:13:56.9813938+00:00,15,15,15,15.913043478260871,15.913043478260871,15.913043478260871,,False
2026-10-09T00:13:58.3584079+00:00,15,15,16,15.913043478260871,15.913043478260871,15.913043478260871,,False
2026-10-09T00:13:59.7474665+00:00,16,16,16,15.913043478260871,15.913043478260871,16,16,False
2026-10-09T00:14:01.5170167+00:00,16,16,16,15.913043478260871,15.913043478260871,16,16,False
2026-10-09T00:14:02.8876207+00:00,16,16,16,17.08695652173913,17.08695652173913,17.08695652173913,,False
2026-10-09T00:14:04.2655778+00:00,16,16,16,17.08695652173913,17.08695652173913,17.08695652173913,,False
2026-10-09T00:14:05.6338833+00:00,16,16,16,17.08695652173913,17.08695652173913,17.08695652173913,,False
2026-10-09T00:14:07.0242660+00:00,16,16,16,17.08695652173913,17.08695652173913,17.08695652173913,,False
2026-10-09T00:14:08.4044207+00:00,16,16,16,17.08695652173913,17.08695652173913,17.08695652173913,,False
2026-10-09T00:14:09.7874374+00:00,16,16,16,17.08695652173913,17.08695652173913,17.08695652173913,,False
2026-10-09T00:14:11.1742093+00:00,16,16,16,17.08695652173913,17.08695652173913,17.08695652173913,,False
2026-10-09T00:14:12.5459775+00:00,16,16,16,17.08695652173913,17.08695652173913,17.08695652173913,,False
2026-10-09T00:14:13.9648493+00:00,16,16,16,17.08695652173913,17.08695652173913,17.08695652173913,,False
2026-10-09T00:14:15.3620958+00:00,16,16,17,17.08695652173913,17.08695652173913,17.08695652173913,,False
2026-10-09T00:14:16.7417029+00:00,17,17,17,17.08695652173913,17.08695652173913,17.08695652173913,,False
2026-10-09T00:14:18.5152728+00:00,17,17,17,17.08695652173913,17.08695652173913,17.08695652173913,,False
2026-10-09T00:14:19.9141396+00:00,17,17,17,17.08695652173913,17.08695652173913,17.08695652173913,,False
2026-10-09T00:14:21.3008329+00:00,17,17,17,17.08695652173913,17.08695652173913,17.08695652173913,,False
2026-10-09T00:14:22.6855255+00:00,17,17,17,17.08695652173913,17.08695652173913,17.08695652173913,,False
2026-10-09T00:14:24.0758167+00:00,17,17,17,17.08695652173913,17.08695652173913,17.08695652173913,,False
2026-10-09T00:14:25.4547599+00:00,17,17,17,17.08695652173913,17.08695652173913,17.08695652173913,,False
2026-10-09T00:14:26.8451375+00:00,17,17,17,17.08695652173913,17.08695652173913,17.08695652173913,,False
2026-10-09T00:14:28.2394106+00:00,17,17,17,18.26086956521739,18.26086956521739,18.26086956521739,,False
2026-10-09T00:14:29.6241062+00:00,17,17,17,18.26086956521739,18.26086956521739,18.26086956521739,,False
2026-10-09T00:14:31.0117902+00:00,17,17,17,18.26086956521739,18.26086956521739,18.26086956521739,,False
2026-10-09T00:14:32.3791218+00:00,17,17,17,18.26086956521739,18.26086956521739,18.26086956521739,,False
2026-10-09T00:14:33.7551515+00:00,17,17,17,18.26086956521739,18.26086956521739,18.26086956521739,,False
2026-10-09T00:14:35.1366128+00:00,17,17,17,18.26086956521739,18.26086956521739,18.26086956521739,,False
2026-10-09T00:14:36.5134395+00:00,17,17,17,18.26086956521739,18.26086956521739,18.26086956521739,,False
2026-10-09T00:14:37.8946776+00:00,18,18,18,18.26086956521739,18.26086956521739,18.26086956521739,,False
2026-10-09T00:14:39.6196146+00:00,18,18,18,18.26086956521739,18.26086956521739,18.26086956521739,,False
2026-10-09T00:14:41.0109904+00:00,18,18,18,18.26086956521739,18.26086956521739,18.26086956521739,,False
2026-10-09T00:14:42.3650619+00:00,18,18,18,18.26086956521739,18.26086956521739,18.26086956521739,,False
2026-10-09T00:14:43.7736598+00:00,18,18,18,18.26086956521739,18.26086956521739,18.26086956521739,,False
2026-10-09T00:14:45.1520492+00:00,18,18,18,18.26086956521739,18.26086956521739,18.26086956521739,,False
2026-10-09T00:14:46.5366041+00:00,18,18,18,18.26086956521739,18.26086956521739,18.26086956521739,,False
2026-10-09T00:14:47.9248843+00:00,18,18,18,18.26086956521739,18.26086956521739,18.26086956521739,,False
2026-10-09T00:14:49.3058413+00:00,18,18,18,18.26086956521739,18.26086956521739,18.26086956521739,,False
2026-10-09T00:14:50.6886102+00:00,18,18,18,18.26086956521739,18.26086956521739,18.26086956521739,,False
2026-10-09T00:14:52.0702602+00:00,18,18,18,18.26086956521739,18.26086956521739,18.26086956521739,,False
2026-10-09T00:14:53.4526662+00:00,18,18,18,18.26086956521739,18.26086956521739,18.26086956521739,,False
2026-10-09T00:14:54.8441869+00:00,18,18,18,18.26086956521739,18.26086956521739,18.26086956521739,,False
2026-10-09T00:14:56.2194995+00:00,18,18,18,18.26086956521739,18.26086956521739,18.26086956521739,,False
2026-10-09T00:14:57.6243871+00:00,18,18,18,18.26086956521739,18.26086956521739,18.26086956521739,,False
2026-10-09T00:14:59.0244428+00:00,18,18,18,18.26086956521739,18.26086956521739,18.26086956521739,,False
2026-10-09T00:15:00.4085392+00:00,18,18,18,18.26086956521739,18.26086956521739,18.26086956521739,,False
2026-10-09T00:15:01.7839166+00:00,18,18,18,18.26086956521739,18.26086956521739,18.26086956521739,,False
2026-10-09T00:15:03.1832315+00:00,19,19,19,18.26086956521739,18.26086956521739,18.26086956521739,,False
2026-10-09T00:15:04.9620018+00:00,19,19,19,18.26086956521739,18.26086956521739,19,19,False
2026-10-09T00:15:06.3307543+00:00,19,19,19,18.26086956521739,18.26086956521739,19,19,False
2026-10-09T00:15:07.7161019+00:00,19,19,19,18.26086956521739,18.26086956521739,19,19,False
2026-10-09T00:15:09.1028884+00:00,19,19,19,18.26086956521739,18.26086956521739,19,19,False
2026-10-09T00:15:10.4690715+00:00,19,19,19,18.26086956521739,18.26086956521739,19,19,False
2026-10-09T00:15:11.8748944+00:00,19,19,19,18.26086956521739,18.26086956521739,19,19,False
2026-10-09T00:15:13.2629320+00:00,19,19,19,18.26086956521739,18.26086956521739,19,19,False
2026-10-09T00:15:14.6275190+00:00,19,19,19,18.26086956521739,18.26086956521739,19,19,False
2026-10-09T00:15:16.0246365+00:00,19,19,19,18.26086956521739,18.26086956521739,19,19,False
2026-10-09T00:15:17.3931906+00:00,19,19,19,18.26086956521739,18.26086956521739,19,19,False
2026-10-09T00:15:18.7787364+00:00,19,19,19,18.26086956521739,18.26086956521739,19,19,False
2026-10-09T00:15:20.1555028+00:00,19,19,19,18.26086956521739,18.26086956521739,19,19,False
2026-10-09T00:15:21.5404479+00:00,19,19,19,18.26086956521739,18.26086956521739,19,19,False
2026-10-09T00:15:22.9312444+00:00,19,19,19,18.26086956521739,18.26086956521739,19,19,False
2026-10-09T00:15:24.3331617+00:00,19,19,19,18.26086956521739,18.26086956521739,19,19,False
2026-10-09T00:15:25.7331108+00:00,19,19,19,18.26086956521739,18.26086956521739,19,19,False
2026-10-09T00:15:27.1183181+00:00,19,19,19,18.26086956521739,18.26086956521739,19,19,False
2026-10-09T00:15:28.4896397+00:00,19,19,19,18.26086956521739,18.26086956521739,19,19,False
2026-10-09T00:15:29.8902787+00:00,19,19,19,18.26086956521739,18.26086956521739,19,19,False
2026-10-09T00:15:31.2720524+00:00,19,19,19,18.26086956521739,18.26086956521739,19,19,False
2026-10-09T00:15:32.6470883+00:00,19,19,19,18.26086956521739,18.26086956521739,19,19,False
2026-10-09T00:15:34.0288870+00:00,19,19,19,18.26086956521739,18.26086956521739,19,19,False
2026-10-09T00:15:35.4216957+00:00,19,19,19,18.26086956521739,18.26086956521739,19,19,False
2026-10-09T00:15:36.7990472+00:00,19,19,19,22.983333333333334,22.416666666666668,22.416666666666668,,False
2026-10-09T00:15:38.7106772+00:00,19,19,19,21.816666666666666,21.583333333333332,21.583333333333332,,False
2026-10-09T00:15:40.2508339+00:00,19,19,19,21.583333333333336,21.416666666666668,21.416666666666668,,False
2026-10-09T00:15:41.7476603+00:00,19,19,19,21.933333333333334,21.666666666666668,21.666666666666668,,False
2026-10-09T00:15:43.2560919+00:00,19,19,19,22.516666666666666,22.083333333333332,22.083333333333332,,False
2026-10-09T00:15:45.0481919+00:00,19,19,20,22.983333333333334,22.416666666666668,22.416666666666668,,False
2026-10-09T00:15:46.6017855+00:00,19,19,20,22.75,22.25,22.25,,False
2026-10-09T00:15:48.1172519+00:00,20,19,20,23.1,22.5,22.5,,False
2026-10-09T00:15:50.3279898+00:00,20,20,20,23.45,22.75,22.75,,False
2026-10-09T00:15:51.8687186+00:00,20,20,20,23.566666666666666,22.833333333333332,22.833333333333332,,False
2026-10-09T00:15:53.8413431+00:00,20,20,20,23.683333333333334,22.916666666666668,22.916666666666668,,False
2026-10-09T00:15:55.8279980+00:00,20,20,21,24.15,23.25,23.25,,False
2026-10-09T00:15:57.6095651+00:00,20,20,21,23.8,23,23,,False
2026-10-09T00:15:59.0917621+00:00,21,20,21,24.03333333333333,23.166666666666664,23.166666666666664,,False
2026-10-09T00:16:01.3714092+00:00,21,21,21,24.61666666666667,23.583333333333336,23.583333333333336,,False
2026-10-09T00:16:02.8700965+00:00,21,21,21,24.73333333333333,23.666666666666664,23.666666666666664,,False
2026-10-09T00:16:04.4623893+00:00,21,21,21,24.61666666666667,23.583333333333336,23.583333333333336,,False
2026-10-09T00:16:05.9927852+00:00,21,21,22,24.61666666666667,23.583333333333336,23.583333333333336,,False
2026-10-09T00:16:07.5912960+00:00,21,21,22,24.73333333333333,23.666666666666664,23.666666666666664,,False
2026-10-09T00:16:09.3961216+00:00,22,21,22,24.96666666666667,23.833333333333336,23.833333333333336,,False
2026-10-09T00:16:11.7019303+00:00,22,22,22,25.08333333333333,23.916666666666664,23.916666666666664,,False
2026-10-09T00:16:13.2486646+00:00,22,22,22,24.73333333333333,23.666666666666664,23.666666666666664,,False
2026-10-09T00:16:15.0432974+00:00,22,22,22,24.85,23.75,23.75,,False
2026-10-09T00:16:16.5708827+00:00,22,22,23,24.61666666666667,23.583333333333336,23.583333333333336,,False
2026-10-09T00:16:18.1916329+00:00,22,22,23,24.73333333333333,23.666666666666664,23.666666666666664,,False
2026-10-09T00:16:19.8276520+00:00,23,22,23,25.08333333333333,23.916666666666664,23.916666666666664,,False
2026-10-09T00:16:21.9480436+00:00,23,23,23,25.78333333333333,24.416666666666664,24.416666666666664,,False
2026-10-09T00:16:23.8836470+00:00,23,23,23,25.2,24,24,,False
2026-10-09T00:16:25.4007084+00:00,23,23,23,25.78333333333333,24.416666666666664,24.416666666666664,,False
2026-10-09T00:16:27.0503352+00:00,23,23,24,25.66666666666667,24.333333333333336,24.333333333333336,,False
2026-10-09T00:16:29.5842839+00:00,23,23,24,25.55,24.25,24.25,,False
2026-10-09T00:16:31.1039374+00:00,24,23,24,26.01666666666667,24.583333333333336,24.583333333333336,,False
2026-10-09T00:16:33.1739628+00:00,24,24,24,25.78333333333333,24.416666666666664,24.416666666666664,,False
2026-10-09T00:16:34.7492636+00:00,24,24,24,25.66666666666667,24.333333333333336,24.333333333333336,,False
2026-10-09T00:16:36.2575941+00:00,24,24,24,26.01666666666667,24.583333333333336,24.583333333333336,,False
2026-10-09T00:16:37.8038233+00:00,24,24,24,26.01666666666667,24.583333333333336,24.583333333333336,,False
2026-10-09T00:16:39.6277458+00:00,24,24,24,25.55,24.25,24.25,,False
2026-10-09T00:16:41.3082699+00:00,25,24,24,26.133333333333326,24.666666666666664,24.666666666666664,,False
2026-10-09T00:16:43.4786007+00:00,25,24,24,25.9,24.5,24.5,,False
2026-10-09T00:16:45.1991466+00:00,25,25,25,26.01666666666667,24.583333333333336,24.583333333333336,,False
2026-10-09T00:16:46.8147586+00:00,25,25,25,25.78333333333333,24.416666666666664,25,25,False
2026-10-09T00:16:48.3452712+00:00,25,25,25,25.78333333333333,24.416666666666664,25,25,False
2026-10-09T00:16:49.9363088+00:00,25,25,25,26.71666666666667,25.083333333333336,25.083333333333336,,False
2026-10-09T00:16:51.4577886+00:00,25,25,25,25.55,24.25,25,25,False
2026-10-09T00:16:53.1547520+00:00,26,25,25,26.36666666666667,24.833333333333336,25,25,False
2026-10-09T00:16:55.2278242+00:00,26,25,25,26.36666666666667,24.833333333333336,25,25,False
2026-10-09T00:16:56.8762076+00:00,26,25,25,26.483333333333327,24.916666666666664,25,25,False
2026-10-09T00:16:58.6345028+00:00,26,25,25,26.483333333333327,24.916666666666664,25,25,False
2026-10-09T00:17:00.1816305+00:00,26,25,25,26.250000000000004,24.75,25,25,False
2026-10-09T00:17:02.2903491+00:00,26,25,25,23.43478260869565,22.73913043478261,24.73913043478261,24.73913043478261,False
2026-10-09T00:17:04.2406257+00:00,26,25,25,23.43478260869565,22.73913043478261,24.73913043478261,24.73913043478261,False
2026-10-09T00:17:06.0668279+00:00,26,25,25,23.43478260869565,22.73913043478261,24.73913043478261,24.73913043478261,False
2026-10-09T00:17:08.6945971+00:00,26,24,25,23.43478260869565,22.73913043478261,24.73913043478261,24.73913043478261,False
2026-10-09T00:17:10.6758873+00:00,26,24,25,23.43478260869565,22.73913043478261,24.73913043478261,24.73913043478261,False
2026-10-09T00:17:12.2272490+00:00,26,24,25,23.43478260869565,22.73913043478261,24.73913043478261,24.73913043478261,False
2026-10-09T00:17:13.9626002+00:00,26,24,25,23.43478260869565,22.73913043478261,24.73913043478261,24.73913043478261,False
2026-10-09T00:17:15.8062067+00:00,26,24,25,23.45,22.75,24.75,24.75,False
2026-10-09T00:17:17.3648170+00:00,26,24,25,23.43478260869565,22.73913043478261,24.73913043478261,24.73913043478261,False
2026-10-09T00:17:18.9334089+00:00,26,24,25,23.43478260869565,22.73913043478261,24.73913043478261,24.73913043478261,False
2026-10-09T00:17:20.9955520+00:00,26,24,25,23.43478260869565,22.73913043478261,24.73913043478261,24.73913043478261,False
2026-10-09T00:17:23.0641120+00:00,26,23,25,23.43478260869565,22.73913043478261,24.73913043478261,24.73913043478261,False
2026-10-09T00:17:24.7847749+00:00,26,23,25,23.43478260869565,22.73913043478261,24.73913043478261,24.73913043478261,False
2026-10-09T00:17:26.5089095+00:00,26,23,25,23.43478260869565,22.73913043478261,24.73913043478261,24.73913043478261,False
2026-10-09T00:17:28.0456778+00:00,26,23,25,23.1,22.5,24.5,24.5,False
2026-10-09T00:17:30.1571854+00:00,26,23,25,22.75,22.25,24.25,24.25,False
2026-10-09T00:17:32.2049587+00:00,26,23,25,23.216666666666665,22.583333333333332,24.583333333333332,24.583333333333332,False
2026-10-09T00:17:34.0704221+00:00,26,23,25,22.633333333333336,22.166666666666668,24.166666666666668,24.166666666666668,False
2026-10-09T00:17:35.8373443+00:00,26,23,25,23.45,22.75,24.75,24.75,False
2026-10-09T00:17:37.4055339+00:00,26,23,25,23.1,22.5,24.5,24.5,False
2026-10-09T00:17:38.9825886+00:00,26,23,25,22.866666666666664,22.333333333333332,24.333333333333332,24.333333333333332,False
2026-10-09T00:17:40.6686680+00:00,25,23,25,22.866666666666664,22.333333333333332,24.333333333333332,24.333333333333332,False
2026-10-09T00:17:42.8929215+00:00,25,23,25,23.216666666666665,22.583333333333332,24.583333333333332,24.583333333333332,False
2026-10-09T00:17:44.4568605+00:00,25,23,25,23.1,22.5,24.5,24.5,False
2026-10-09T00:17:45.9996522+00:00,25,23,25,23.216666666666665,22.583333333333332,24.583333333333332,24.583333333333332,False
2026-10-09T00:17:47.5706843+00:00,25,23,25,22.866666666666664,22.333333333333332,24.333333333333332,24.333333333333332,False
2026-10-09T00:17:49.1314938+00:00,25,23,25,23.1,22.5,24.5,24.5,False
2026-10-09T00:17:50.7993504+00:00,25,23,25,22.866666666666664,22.333333333333332,24.333333333333332,24.333333333333332,False
2026-10-09T00:17:52.3886113+00:00,25,23,25,22.52173913043478,22.086956521739133,22.086956521739133,,False
2026-10-09T00:17:53.9594707+00:00,25,23,25,23.1,22.5,22.5,,False
2026-10-09T00:17:55.3842535+00:00,25,23,25,22.983333333333334,22.416666666666668,22.416666666666668,,False
2026-10-09T00:17:56.9427470+00:00,25,23,25,23.216666666666665,22.583333333333332,22.583333333333332,,False
2026-10-09T00:17:58.5276999+00:00,25,23,24,22.52173913043478,22.086956521739133,22.086956521739133,,False
2026-10-09T00:18:00.1448301+00:00,25,23,24,22.52173913043478,22.086956521739133,22.086956521739133,,False
2026-10-09T00:18:01.7150593+00:00,25,23,24,23.1,22.5,22.5,,False
2026-10-09T00:18:03.2717864+00:00,25,23,24,22.52173913043478,22.086956521739133,22.086956521739133,,False
2026-10-09T00:18:04.7828847+00:00,25,23,24,23.45,22.75,22.75,,False
2026-10-09T00:18:06.3276880+00:00,25,23,23,22.52173913043478,22.086956521739133,22.086956521739133,,False
2026-10-09T00:18:07.8715042+00:00,24,23,23,23.216666666666665,22.583333333333332,22.583333333333332,,False
2026-10-09T00:18:10.3410857+00:00,24,23,23,22.633333333333336,22.166666666666668,22.166666666666668,,False
2026-10-09T00:18:11.9853877+00:00,24,23,23,23.45,22.75,22.75,,False
2026-10-09T00:18:13.7798329+00:00,24,23,23,23.43478260869565,22.73913043478261,22.73913043478261,,False
2026-10-09T00:18:15.6848258+00:00,24,23,23,23.43478260869565,22.73913043478261,22.73913043478261,,False
2026-10-09T00:18:17.3271152+00:00,24,23,23,23.43478260869565,22.73913043478261,22.73913043478261,,False
2026-10-09T00:18:19.2675016+00:00,24,23,23,23.43478260869565,22.73913043478261,22.73913043478261,,False
2026-10-09T00:18:21.0536410+00:00,24,23,23,23.43478260869565,22.73913043478261,22.73913043478261,,False
2026-10-09T00:18:22.8042713+00:00,24,23,23,23.43478260869565,22.73913043478261,22.73913043478261,,False
2026-10-09T00:18:24.3353417+00:00,24,23,23,23.43478260869565,22.73913043478261,22.73913043478261,,False
2026-10-09T00:18:26.0793906+00:00,24,23,23,23.45,22.75,22.75,,False
2026-10-09T00:18:27.7757529+00:00,24,23,23,23.43478260869565,22.73913043478261,22.73913043478261,,False
2026-10-09T00:18:30.3582155+00:00,24,23,23,23.43478260869565,22.73913043478261,22.73913043478261,,False
2026-10-09T00:18:32.0423273+00:00,24,23,23,23.683333333333334,22.916666666666668,22.916666666666668,,False
2026-10-09T00:18:33.8938166+00:00,24,23,23,23.43478260869565,22.73913043478261,22.73913043478261,,False
2026-10-09T00:18:35.6834070+00:00,24,23,23,23.43478260869565,22.73913043478261,22.73913043478261,,False
2026-10-09T00:18:37.4842746+00:00,24,23,23,23.8,23,23,,False
2026-10-09T00:18:39.2043760+00:00,24,23,23,23.43478260869565,22.73913043478261,22.73913043478261,,False
2026-10-09T00:18:40.8011877+00:00,24,23,23,23.43478260869565,22.73913043478261,22.73913043478261,,False
2026-10-09T00:18:42.4281029+00:00,24,23,23,23.43478260869565,22.73913043478261,22.73913043478261,,False
2026-10-09T00:18:43.8922402+00:00,24,23,23,23.43478260869565,22.73913043478261,22.73913043478261,,False
2026-10-09T00:18:45.5633076+00:00,24,23,23,23.43478260869565,22.73913043478261,22.73913043478261,,False
2026-10-09T00:18:47.1816087+00:00,24,23,23,23.43478260869565,22.73913043478261,22.73913043478261,,False
2026-10-09T00:18:49.2662398+00:00,24,23,23,23.683333333333334,22.916666666666668,22.916666666666668,,False
2026-10-09T00:18:50.9537524+00:00,24,23,23,23.683333333333334,22.916666666666668,22.916666666666668,,False
2026-10-09T00:18:52.7144092+00:00,24,23,23,23.43478260869565,22.73913043478261,22.73913043478261,,False
2026-10-09T00:18:54.2851279+00:00,24,23,23,23.43478260869565,22.73913043478261,22.73913043478261,,False
2026-10-09T00:18:55.8518337+00:00,24,23,23,23.43478260869565,22.73913043478261,22.73913043478261,,False
2026-10-09T00:18:58.3320847+00:00,24,23,23,23.43478260869565,22.73913043478261,22.73913043478261,,False
2026-10-09T00:18:59.9758030+00:00,24,23,23,23.683333333333334,22.916666666666668,22.916666666666668,,False
2026-10-09T00:19:01.6256768+00:00,24,23,23,23.683333333333334,22.916666666666668,22.916666666666668,,False
2026-10-09T00:19:03.1680786+00:00,24,23,23,23.8,23,23,,False
2026-10-09T00:19:04.7521966+00:00,24,23,23,23.8,23,23,,False
2026-10-09T00:19:06.3127344+00:00,24,23,23,23.43478260869565,22.73913043478261,22.73913043478261,,False
2026-10-09T00:19:08.0890681+00:00,24,23,23,24.15,23.25,23.25,,False
2026-10-09T00:19:09.6609825+00:00,24,23,23,23.566666666666666,22.833333333333332,22.833333333333332,,False
2026-10-09T00:19:11.3516243+00:00,24,23,23,23.45,22.75,22.75,,False
2026-10-09T00:19:13.1994045+00:00,24,23,23,24.15,23.25,23.25,,False
2026-10-09T00:19:14.8753433+00:00,24,23,23,23.43478260869565,22.73913043478261,22.73913043478261,,False
2026-10-09T00:19:16.5619244+00:00,24,23,23,23.43478260869565,22.73913043478261,22.73913043478261,,False
2026-10-09T00:19:18.4349930+00:00,24,23,23,23.43478260869565,22.73913043478261,22.73913043478261,,False
2026-10-09T00:19:20.1084762+00:00,24,23,23,23.91666666666667,23.083333333333336,23.083333333333336,,False
2026-10-09T00:19:22.0182059+00:00,24,23,23,23.45,22.75,22.75,,False
2026-10-09T00:19:23.7216340+00:00,24,23,23,23.43478260869565,22.73913043478261,22.73913043478261,,False
2026-10-09T00:19:25.6201456+00:00,24,23,23,23.566666666666666,22.833333333333332,22.833333333333332,,False
2026-10-09T00:19:27.5749699+00:00,24,23,23,24.03333333333333,23.166666666666664,23.166666666666664,,False
2026-10-09T00:19:29.5446070+00:00,24,23,23,24.15,23.25,23.25,,False
2026-10-09T00:19:31.3218470+00:00,24,23,23,24.15,23.25,23.25,,False
2026-10-09T00:19:32.8999504+00:00,24,23,23,23.8,23,23,,False
2026-10-09T00:19:34.4728152+00:00,24,23,23,24.15,23.25,23.25,,False
2026-10-09T00:19:35.8365889+00:00,24,23,23,23.43478260869565,22.73913043478261,22.73913043478261,,False
2026-10-09T00:19:37.2247921+00:00,24,23,23,23.43478260869565,22.73913043478261,22.73913043478261,,False
2026-10-09T00:19:38.6100430+00:00,24,23,23,23.43478260869565,22.73913043478261,22.73913043478261,,False
2026-10-09T00:19:39.9964271+00:00,24,23,23,23.43478260869565,22.73913043478261,22.73913043478261,,False
2026-10-09T00:19:41.3939282+00:00,24,23,23,23.43478260869565,22.73913043478261,22.73913043478261,,False
2026-10-09T00:19:42.7960652+00:00,24,23,23,23.43478260869565,22.73913043478261,22.73913043478261,,False
2026-10-09T00:19:44.1905152+00:00,24,23,23,23.43478260869565,22.73913043478261,22.73913043478261,,False
2026-10-09T00:19:45.5882860+00:00,24,23,23,23.43478260869565,22.73913043478261,22.73913043478261,,False
2026-10-09T00:19:46.9813421+00:00,24,23,23,22.52173913043478,22.086956521739133,22.086956521739133,,False
2026-10-09T00:19:48.3533893+00:00,24,23,23,22.52173913043478,22.086956521739133,22.086956521739133,,False
2026-10-09T00:19:49.7505627+00:00,24,23,23,22.52173913043478,22.086956521739133,22.086956521739133,,False
2026-10-09T00:19:51.1307654+00:00,24,23,23,22.52173913043478,22.086956521739133,22.086956521739133,,False
2026-10-09T00:19:52.5077514+00:00,24,23,23,22.52173913043478,22.086956521739133,22.086956521739133,,False
2026-10-09T00:19:53.9031566+00:00,24,23,23,22.52173913043478,22.086956521739133,22.086956521739133,,False
2026-10-09T00:19:55.2960124+00:00,24,23,23,22.52173913043478,22.086956521739133,22.086956521739133,,False
2026-10-09T00:19:56.7040684+00:00,24,23,23,22.52173913043478,22.086956521739133,22.086956521739133,,False
2026-10-09T00:19:58.0875092+00:00,24,23,23,22.52173913043478,22.086956521739133,22.086956521739133,,False
2026-10-09T00:19:59.4512442+00:00,24,23,23,21.608695652173914,21.434782608695652,21.434782608695652,,False
2026-10-09T00:20:00.8367408+00:00,24,23,23,21.608695652173914,21.434782608695652,21.434782608695652,,False
2026-10-09T00:20:02.2338328+00:00,24,23,23,21.608695652173914,21.434782608695652,21.434782608695652,,False
2026-10-09T00:20:03.6060144+00:00,24,23,23,21.608695652173914,21.434782608695652,21.434782608695652,,False
2026-10-09T00:20:05.0020682+00:00,24,23,23,21.608695652173914,21.434782608695652,21.434782608695652,,False
2026-10-09T00:20:06.3743783+00:00,24,23,23,21.608695652173914,21.434782608695652,21.434782608695652,,False
2026-10-09T00:20:07.7530308+00:00,24,23,23,21.608695652173914,21.434782608695652,21.434782608695652,,False
2026-10-09T00:20:09.1439250+00:00,24,23,23,21.608695652173914,21.434782608695652,21.434782608695652,,False
2026-10-09T00:20:10.5258427+00:00,24,23,23,21.608695652173914,21.434782608695652,21.434782608695652,,False
2026-10-09T00:20:11.9166106+00:00,24,23,23,21.608695652173914,21.434782608695652,21.434782608695652,,False
2026-10-09T00:20:13.2924551+00:00,24,23,23,21.608695652173914,21.434782608695652,21.434782608695652,,False
2026-10-09T00:20:14.6871659+00:00,24,23,23,21.608695652173914,21.434782608695652,21.434782608695652,,False
2026-10-09T00:20:16.0934046+00:00,24,23,23,20.608695652173914,20.608695652173914,20.608695652173914,,False
2026-10-09T00:20:17.4907334+00:00,24,23,23,20.608695652173914,20.608695652173914,20.608695652173914,,False
2026-10-09T00:20:18.8785598+00:00,24,23,23,20.608695652173914,20.608695652173914,20.608695652173914,,False
2026-10-09T00:20:20.2868748+00:00,24,23,23,20.608695652173914,20.608695652173914,20.608695652173914,,False
2026-10-09T00:20:21.6837828+00:00,24,23,23,20.608695652173914,20.608695652173914,20.608695652173914,,False
2026-10-09T00:20:23.0692200+00:00,24,23,23,20.608695652173914,20.608695652173914,20.608695652173914,,False
2026-10-09T00:20:24.4360244+00:00,24,23,23,20.608695652173914,20.608695652173914,20.608695652173914,,False
2026-10-09T00:20:25.8135301+00:00,24,23,23,20.608695652173914,20.608695652173914,20.608695652173914,,False
2026-10-09T00:20:27.1981656+00:00,24,22,22,20.608695652173914,20.608695652173914,20.608695652173914,,False
2026-10-09T00:20:28.5846852+00:00,24,22,22,20.608695652173914,20.608695652173914,20.608695652173914,,False
2026-10-09T00:20:29.9623577+00:00,24,22,22,20.608695652173914,20.608695652173914,20.608695652173914,,False
2026-10-09T00:20:31.3491019+00:00,24,22,22,20.608695652173914,20.608695652173914,20.608695652173914,,False
2026-10-09T00:20:32.7530660+00:00,24,22,22,20.608695652173914,20.608695652173914,20.608695652173914,,False
2026-10-09T00:20:34.1440220+00:00,23,22,22,20.608695652173914,20.608695652173914,20.608695652173914,,False
2026-10-09T00:20:35.8826520+00:00,23,22,22,20.608695652173914,20.608695652173914,20.608695652173914,,False
2026-10-09T00:20:37.2680962+00:00,23,22,22,20.608695652173914,20.608695652173914,20.608695652173914,,False
2026-10-09T00:20:38.6548830+00:00,23,22,22,20.608695652173914,20.608695652173914,20.608695652173914,,False
2026-10-09T00:20:40.0549671+00:00,23,22,22,20.608695652173914,20.608695652173914,20.608695652173914,,False
2026-10-09T00:20:41.4415984+00:00,23,22,22,19.434782608695656,19.434782608695656,19.434782608695656,,False
2026-10-09T00:20:42.8330933+00:00,23,22,22,19.434782608695656,19.434782608695656,19.434782608695656,,False
2026-10-09T00:20:44.2155666+00:00,23,22,22,19.434782608695656,19.434782608695656,19.434782608695656,,False
2026-10-09T00:20:45.6077591+00:00,23,22,22,19.434782608695656,19.434782608695656,19.434782608695656,,False
2026-10-09T00:20:47.0255374+00:00,23,22,22,19.434782608695656,19.434782608695656,19.434782608695656,,False
2026-10-09T00:20:48.3950720+00:00,23,22,22,19.434782608695656,19.434782608695656,19.434782608695656,,False
2026-10-09T00:20:49.7799147+00:00,23,22,22,19.434782608695656,19.434782608695656,19.434782608695656,,False
2026-10-09T00:20:51.1842897+00:00,23,22,22,19.434782608695656,19.434782608695656,19.434782608695656,,False
2026-10-09T00:20:52.5700740+00:00,23,22,22,19.434782608695656,19.434782608695656,19.434782608695656,,False
2026-10-09T00:20:53.9646898+00:00,23,21,21,19.434782608695656,19.434782608695656,19.434782608695656,,False
2026-10-09T00:20:55.3393912+00:00,23,21,21,19.434782608695656,19.434782608695656,19.434782608695656,,False
2026-10-09T00:20:56.7305493+00:00,23,21,21,19.434782608695656,19.434782608695656,19.434782608695656,,False
2026-10-09T00:20:58.1177403+00:00,23,21,21,19.434782608695656,19.434782608695656,19.434782608695656,,False
2026-10-09T00:20:59.5032005+00:00,23,21,21,19.434782608695656,19.434782608695656,19.434782608695656,,False
2026-10-09T00:21:00.9073196+00:00,23,21,21,19.434782608695656,19.434782608695656,19.434782608695656,,False
2026-10-09T00:21:02.2978370+00:00,22,21,21,20.549999999999997,20.549999999999997,20.549999999999997,,False
2026-10-09T00:21:04.0786031+00:00,22,21,21,19.434782608695656,19.434782608695656,19.434782608695656,,False
2026-10-09T00:21:05.4600109+00:00,22,21,21,19.434782608695656,19.434782608695656,19.434782608695656,,False
2026-10-09T00:21:06.8403350+00:00,22,21,21,19.434782608695656,19.434782608695656,19.434782608695656,,False
2026-10-09T00:21:08.2437544+00:00,22,21,21,19.434782608695656,19.434782608695656,19.434782608695656,,False
2026-10-09T00:21:09.6253500+00:00,22,21,21,19.434782608695656,19.434782608695656,19.434782608695656,,False
2026-10-09T00:21:10.9974632+00:00,22,21,21,19.434782608695656,19.434782608695656,19.434782608695656,,False
2026-10-09T00:21:12.4105072+00:00,22,21,21,19.434782608695656,19.434782608695656,19.434782608695656,,False
2026-10-09T00:21:13.7793801+00:00,22,21,21,19.434782608695656,19.434782608695656,19.434782608695656,,False
2026-10-09T00:21:15.1861777+00:00,22,21,21,19.434782608695656,19.434782608695656,19.434782608695656,,False
2026-10-09T00:21:16.5776101+00:00,22,21,21,19.434782608695656,19.434782608695656,19.434782608695656,,False
2026-10-09T00:21:17.9685186+00:00,22,21,21,19.434782608695656,19.434782608695656,19.434782608695656,,False
2026-10-09T00:21:19.3363570+00:00,22,21,21,19.434782608695656,19.434782608695656,19.434782608695656,,False
2026-10-09T00:21:20.7330513+00:00,22,20,20,19.434782608695656,19.434782608695656,19.434782608695656,,False
2026-10-09T00:21:22.1383397+00:00,22,20,20,19.434782608695656,19.434782608695656,19.434782608695656,,False
2026-10-09T00:21:23.5248639+00:00,22,20,20,19.434782608695656,19.434782608695656,19.434782608695656,,False
2026-10-09T00:21:24.9299590+00:00,22,20,20,19.434782608695656,19.434782608695656,19.434782608695656,,False
2026-10-09T00:21:26.3166099+00:00,22,20,20,18.26086956521739,18.26086956521739,18.26086956521739,,False
2026-10-09T00:21:27.7091317+00:00,22,20,20,18.26086956521739,18.26086956521739,18.26086956521739,,False
2026-10-09T00:21:29.0998665+00:00,22,20,20,18.26086956521739,18.26086956521739,18.26086956521739,,False
2026-10-09T00:21:30.4724711+00:00,21,20,20,18.26086956521739,18.26086956521739,18.26086956521739,,False
2026-10-09T00:21:32.2488507+00:00,21,20,20,18.26086956521739,18.26086956521739,18.26086956521739,,False
2026-10-09T00:21:33.6528350+00:00,21,20,20,18.26086956521739,18.26086956521739,18.26086956521739,,False
2026-10-09T00:21:35.0532044+00:00,21,20,20,18.26086956521739,18.26086956521739,18.26086956521739,,False
2026-10-09T00:21:36.4395754+00:00,21,20,20,18.26086956521739,18.26086956521739,18.26086956521739,,False
2026-10-09T00:21:37.8376795+00:00,21,20,20,18.26086956521739,18.26086956521739,18.26086956521739,,False
2026-10-09T00:21:39.2336851+00:00,21,20,20,18.26086956521739,18.26086956521739,18.26086956521739,,False
2026-10-09T00:21:40.6245321+00:00,21,20,20,18.26086956521739,18.26086956521739,18.26086956521739,,False
2026-10-09T00:21:42.0281501+00:00,21,19,19,18.26086956521739,18.26086956521739,18.26086956521739,,False
2026-10-09T00:21:43.4240349+00:00,21,19,19,18.26086956521739,18.26086956521739,18.26086956521739,,False
2026-10-09T00:21:44.8356299+00:00,21,19,19,18.26086956521739,18.26086956521739,18.26086956521739,,False
2026-10-09T00:21:46.2262154+00:00,21,19,19,18.26086956521739,18.26086956521739,18.26086956521739,,False
2026-10-09T00:21:47.6320680+00:00,21,19,19,18.26086956521739,18.26086956521739,18.26086956521739,,False
2026-10-09T00:21:49.0312292+00:00,21,19,19,18.26086956521739,18.26086956521739,18.26086956521739,,False
2026-10-09T00:21:50.4271303+00:00,21,19,19,18.26086956521739,18.26086956521739,18.26086956521739,,False
2026-10-09T00:21:51.8159631+00:00,21,19,19,18.26086956521739,18.26086956521739,18.26086956521739,,False
2026-10-09T00:21:53.2093533+00:00,21,19,19,18.26086956521739,18.26086956521739,18.26086956521739,,False
2026-10-09T00:21:54.5926230+00:00,21,19,19,18.26086956521739,18.26086956521739,18.26086956521739,,False
2026-10-09T00:21:55.9905817+00:00,21,19,19,18.26086956521739,18.26086956521739,18.26086956521739,,False
2026-10-09T00:21:57.3915644+00:00,20,19,19,18.26086956521739,18.26086956521739,18.26086956521739,,False
2026-10-09T00:21:59.1511269+00:00,20,19,19,18.26086956521739,18.26086956521739,18.26086956521739,,False
2026-10-09T00:22:00.5375736+00:00,20,19,19,18.26086956521739,18.26086956521739,18.26086956521739,,False
2026-10-09T00:22:01.9278193+00:00,20,19,19,18.26086956521739,18.26086956521739,18.26086956521739,,False
2026-10-09T00:22:03.3010859+00:00,20,19,19,18.26086956521739,18.26086956521739,18.26086956521739,,False
2026-10-09T00:22:04.6783012+00:00,20,19,19,18.26086956521739,18.26086956521739,18.26086956521739,,False
2026-10-09T00:22:06.0753585+00:00,20,19,19,18.26086956521739,18.26086956521739,18.26086956521739,,False
2026-10-09T00:22:07.4885053+00:00,20,19,19,18.26086956521739,18.26086956521739,18.26086956521739,,False
2026-10-09T00:22:08.8809091+00:00,20,19,19,18.26086956521739,18.26086956521739,18.26086956521739,,False
2026-10-09T00:22:10.3040175+00:00,20,19,19,18.26086956521739,18.26086956521739,18.26086956521739,,False
2026-10-09T00:22:11.6862655+00:00,20,19,19,18.26086956521739,18.26086956521739,18.26086956521739,,False
2026-10-09T00:22:13.0814105+00:00,20,19,19,18.26086956521739,18.26086956521739,18.26086956521739,,False
2026-10-09T00:22:14.4816877+00:00,20,19,19,18.26086956521739,18.26086956521739,18.26086956521739,,False
2026-10-09T00:22:15.8629905+00:00,20,19,19,18.26086956521739,18.26086956521739,18.26086956521739,,False
2026-10-09T00:22:17.2507267+00:00,20,19,19,18.26086956521739,18.26086956521739,18.26086956521739,,False
2026-10-09T00:22:18.6514028+00:00,20,19,19,18.26086956521739,18.26086956521739,18.26086956521739,,False
2026-10-09T00:22:20.0440687+00:00,20,19,19,18.26086956521739,18.26086956521739,18.26086956521739,,False
2026-10-09T00:22:21.4418565+00:00,20,19,19,18.26086956521739,18.26086956521739,18.26086956521739,,False
2026-10-09T00:22:22.8374083+00:00,20,19,19,18.26086956521739,18.26086956521739,18.26086956521739,,False
2026-10-09T00:22:24.2404746+00:00,19,19,19,18.26086956521739,18.26086956521739,18.26086956521739,,False
2026-10-09T00:22:26.0357746+00:00,19,19,19,18.26086956521739,18.26086956521739,18.26086956521739,,False
2026-10-09T00:22:27.4210979+00:00,19,19,19,18.26086956521739,18.26086956521739,18.26086956521739,,False
2026-10-09T00:22:28.8208357+00:00,19,19,19,18.26086956521739,18.26086956521739,18.26086956521739,,False
2026-10-09T00:22:30.2111675+00:00,19,19,19,18.26086956521739,18.26086956521739,18.26086956521739,,False
2026-10-09T00:22:31.6071076+00:00,19,19,19,18.26086956521739,18.26086956521739,18.26086956521739,,False
2026-10-09T00:22:33.0136132+00:00,19,19,19,18.26086956521739,18.26086956521739,18.26086956521739,,False
2026-10-09T00:22:34.4033374+00:00,19,19,19,18.26086956521739,18.26086956521739,18.26086956521739,,False
2026-10-09T00:22:35.8055928+00:00,19,19,19,18.26086956521739,18.26086956521739,18.26086956521739,,False
2026-10-09T00:22:37.1794093+00:00,19,19,19,18.26086956521739,18.26086956521739,18.26086956521739,,False
2026-10-09T00:22:38.5876684+00:00,19,19,19,18.26086956521739,18.26086956521739,18.26086956521739,,False
2026-10-09T00:22:39.9885012+00:00,19,19,19,18.26086956521739,18.26086956521739,18.26086956521739,,False
2026-10-09T00:22:41.3828735+00:00,19,19,19,18.26086956521739,18.26086956521739,18.26086956521739,,False
2026-10-09T00:22:42.7731882+00:00,19,19,19,18.26086956521739,18.26086956521739,18.26086956521739,,False
2026-10-09T00:22:44.1651416+00:00,19,19,19,18.26086956521739,18.26086956521739,18.26086956521739,,False
2026-10-09T00:22:45.5674066+00:00,19,19,19,18.26086956521739,18.26086956521739,18.26086956521739,,False
2026-10-09T00:22:46.9680087+00:00,19,19,19,18.26086956521739,18.26086956521739,18.26086956521739,,False
2026-10-09T00:22:48.3537968+00:00,19,19,19,18.26086956521739,18.26086956521739,18.26086956521739,,False
2026-10-09T00:22:49.7463808+00:00,19,19,19,18.26086956521739,18.26086956521739,18.26086956521739,,False
2026-10-09T00:22:51.1554905+00:00,19,19,19,18.26086956521739,18.26086956521739,18.26086956521739,,False
2026-10-09T00:22:52.5587863+00:00,19,19,19,18.26086956521739,18.26086956521739,18.26086956521739,,False
2026-10-09T00:22:53.9526846+00:00,19,19,19,18.26086956521739,18.26086956521739,18.26086956521739,,False
2026-10-09T00:22:55.3279014+00:00,19,19,19,18.26086956521739,18.26086956521739,18.26086956521739,,False
2026-10-09T00:22:56.7122436+00:00,19,19,19,18.26086956521739,18.26086956521739,18.26086956521739,,False
2026-10-09T00:22:58.1113142+00:00,19,19,19,18.26086956521739,18.26086956521739,18.26086956521739,,False
2026-10-09T00:22:59.4996037+00:00,19,19,19,18.26086956521739,18.26086956521739,18.26086956521739,,False
2026-10-09T00:23:00.8969394+00:00,19,19,19,18.26086956521739,18.26086956521739,18.26086956521739,,False
2026-10-09T00:23:02.3064253+00:00,19,19,19,18.26086956521739,18.26086956521739,18.26086956521739,,False
2026-10-09T00:23:03.7014041+00:00,19,19,19,18.26086956521739,18.26086956521739,18.26086956521739,,False
2026-10-09T00:23:05.0969229+00:00,19,19,19,18.26086956521739,18.26086956521739,18.26086956521739,,False
2026-10-09T00:23:06.5016288+00:00,19,19,19,18.26086956521739,18.26086956521739,18.26086956521739,,False
2026-10-09T00:23:07.8857235+00:00,19,19,19,18.26086956521739,18.26086956521739,18.26086956521739,,False
2026-10-09T00:23:09.2843609+00:00,19,19,19,18.26086956521739,18.26086956521739,18.26086956521739,,False
2026-10-09T00:23:10.6683149+00:00,19,19,19,18.26086956521739,18.26086956521739,18.26086956521739,,False
2026-10-09T00:23:12.0690100+00:00,19,19,19,18.26086956521739,18.26086956521739,18.26086956521739,,False
2026-10-09T00:23:13.4644079+00:00,19,19,19,18.26086956521739,18.26086956521739,18.26086956521739,,False
2026-10-09T00:23:14.8559952+00:00,19,19,19,18.26086956521739,18.26086956521739,18.26086956521739,,False
2026-10-09T00:23:16.2469508+00:00,19,19,19,18.26086956521739,18.26086956521739,18.26086956521739,,False
2026-10-09T00:23:17.6432504+00:00,19,19,19,18.26086956521739,18.26086956521739,18.26086956521739,,False
2026-10-09T00:23:19.0323526+00:00,19,19,19,18.26086956521739,18.26086956521739,18.26086956521739,,False
2026-10-09T00:23:20.4372871+00:00,19,19,19,18.26086956521739,18.26086956521739,18.26086956521739,,False
2026-10-09T00:23:21.8432821+00:00,19,19,19,18.26086956521739,18.26086956521739,18.26086956521739,,False
2026-10-09T00:23:23.2240605+00:00,19,19,19,18.26086956521739,18.26086956521739,18.26086956521739,,False
2026-10-09T00:23:24.6260239+00:00,19,19,19,18.26086956521739,18.26086956521739,18.26086956521739,,False
2026-10-09T00:23:26.0290629+00:00,19,19,19,18.26086956521739,18.26086956521739,18.26086956521739,,False
2026-10-09T00:23:27.4230518+00:00,19,19,19,18.26086956521739,18.26086956521739,18.26086956521739,,False
2026-10-09T00:23:28.8175298+00:00,19,19,19,18.26086956521739,18.26086956521739,18.26086956521739,,False
2026-10-09T00:23:30.2201774+00:00,19,19,19,18.26086956521739,18.26086956521739,18.26086956521739,,False
2026-10-09T00:23:31.6042605+00:00,19,19,19,18.26086956521739,18.26086956521739,18.26086956521739,,False
